fishing.guild;SOCIOECOLOGICAL_VUL;Concello
A Coruna_mix;0.407305075;Coruña, A
A Guarda;0.528254354;Guarda, A
Aguino;0.573737783;Ribeira
Baiona;0.461191784;Baiona
Bueu;-0.173815849;Bueu
Burela;0.02107638;Burela
Camarinas;0.510599754;Camariñas
Camelle;0.720078089;Camariñas
Cangas;-0.144691336;Cangas
Carino;-0.257537044;Cariño
Cedeira;0.324190837;Cedeira
Celeiro;0.262480982;Viveiro
Corme;0.377720729;Ponteceso
Espasante;0.321017849;Ortigueira
Ferrol;0.557892095;Ferrol
Finisterra;0.655105034;Fisterra
Laxe;0.075566551;Laxe
Malpica;0.692116866;Malpica de Bergantiños
Muxia;0.857747339;Muxía
O Barqueiro;0.474346446;Mañón
O Grove;0.34185152;Grove, O
O Pindo;1.027442605;Carnota
O Vicedo;0.116449971;Vicedo, O
Porto do Son;0.716916336;Porto do Son
Ribadeo;0.134064284;Ribadeo
Vigo;0.679674013;Vigo