province;fishing.guild;turfID;Text
Pontevedra;A Guarda;1;2.210099
Pontevedra;Baiona;3;2.210099
Pontevedra;Bueu;4;2.518465
Pontevedra;Cangas;5;3.078424
Pontevedra;O Grove;6;2.624824
Pontevedra;Vigo;7;3.09893
A Coruna;A Coruna_mix;8;0.739575
A Coruna;Aguino;9;1.512011
A Coruna;Camarinas;11;0.084402
A Coruna;Camelle;12;0.209918
A Coruna;Carino;13;0.364761
A Coruna;Cedeira;14;0.573571
A Coruna;Corme;15;0.266475
A Coruna;Espasante;16;0.363701
A Coruna;Ferrol;17;1.201213
A Coruna;Finisterra;18;0.628292
A Coruna;Laxe;19;0.200243
A Coruna;Malpica;21;0.253007
A Coruna;Muxia;23;0.582421
A Coruna;O Barqueiro;24;0.1999
A Coruna;O Pindo;25;1.892569
A Coruna;Porto do Son;26;2.164758
Lugo;Burela;29;0.10014
Lugo;Celeiro;30;0.088725
Lugo;O Vicedo;31;0.20167
Lugo;Ribadeo;32;0.228311